Model,R2,MAE,RMSE
Random Forest,0.022287594749836548,0.11209986321658837,0.403383319989453
LSTM,0.075959620292682,0.12035263002483035,0.392155082674706
Transformer,-0.001966452439777333,0.15308011967155086,0.40835602125742115
