Model,R2,MAE,RMSE
Random Forest,0.022287594749836437,0.11209986321658837,0.40338331998945304
LSTM,0.06332833775530133,0.12422873237498466,0.3948262908954343
Transformer,-0.010591229834657767,0.15642073363295234,0.4101097890854528
